{"eval/acc": 0.23798076923076925, "eval/acc_daily": 0.11258012820512821, "eval/acc_gender": 0.30689102564102566, "eval/acc_embel": 0.29447115384615385, "_timestamp": 1691653759.6130834, "_runtime": 2636.1723713874817, "_step": 63, "train/loss": 3.2751972675323486, "train/loss_daily": 1.1149778366088867, "train/loss_gender": 1.2180840969085693, "train/loss_embel": 0.9421353340148926}